{"cameraMode":{"drawMode":0,"name":"Shaded","section":"Shading Mode"},"sceneLighting":true,"audioPlay":false,"sceneViewState":{"m_AlwaysRefresh":false,"showFog":true,"showSkybox":true,"showFlares":true,"showImageEffects":true,"showParticleSystems":true,"showVisualEffectGraphs":true,"m_FxEnabled":true},"in2DMode":false,"pivot":{"x":-0.7083706259727478,"y":341.93768310546877,"z":-7.781641483306885},"rotation":{"x":0.5583715438842773,"y":0.38909828662872317,"z":0.33288899064064028,"w":-0.6526747345924377},"size":1.0792253017425538,"orthographic":false}