{"cameraMode":{"drawMode":0,"name":"Shaded","section":"Shading Mode"},"sceneLighting":true,"audioPlay":false,"sceneViewState":{"m_AlwaysRefresh":false,"showFog":true,"showSkybox":true,"showFlares":true,"showImageEffects":true,"showParticleSystems":true,"showVisualEffectGraphs":true,"m_FxEnabled":true},"in2DMode":false,"pivot":{"x":-0.7292463779449463,"y":1.149755597114563,"z":2.4033689498901369},"rotation":{"x":-0.34551680088043215,"y":0.004783837590366602,"z":-0.0017552198842167855,"w":-0.938355565071106},"size":5.293524742126465,"orthographic":false}